{"antecedents":["P001"],"consequents":["P005"],"antecedent support":0.09,"consequent support":0.1,"support":0.02,"confidence":0.2222222222,"lift":2.2222222222,"representativity":1.0,"leverage":0.011,"conviction":1.1571428571,"zhangs_metric":0.6043956044,"jaccard":0.1176470588,"certainty":0.1358024691,"kulczynski":0.2111111111}
{"antecedents":["P005"],"consequents":["P001"],"antecedent support":0.1,"consequent support":0.09,"support":0.02,"confidence":0.2,"lift":2.2222222222,"representativity":1.0,"leverage":0.011,"conviction":1.1375,"zhangs_metric":0.6111111111,"jaccard":0.1176470588,"certainty":0.1208791209,"kulczynski":0.2111111111}
{"antecedents":["P014"],"consequents":["P001"],"antecedent support":0.15,"consequent support":0.09,"support":0.02,"confidence":0.1333333333,"lift":1.4814814815,"representativity":1.0,"leverage":0.0065,"conviction":1.05,"zhangs_metric":0.3823529412,"jaccard":0.0909090909,"certainty":0.0476190476,"kulczynski":0.1777777778}
{"antecedents":["P001"],"consequents":["P014"],"antecedent support":0.09,"consequent support":0.15,"support":0.02,"confidence":0.2222222222,"lift":1.4814814815,"representativity":1.0,"leverage":0.0065,"conviction":1.0928571429,"zhangs_metric":0.3571428571,"jaccard":0.0909090909,"certainty":0.0849673203,"kulczynski":0.1777777778}
{"antecedents":["P018"],"consequents":["P001"],"antecedent support":0.1,"consequent support":0.09,"support":0.02,"confidence":0.2,"lift":2.2222222222,"representativity":1.0,"leverage":0.011,"conviction":1.1375,"zhangs_metric":0.6111111111,"jaccard":0.1176470588,"certainty":0.1208791209,"kulczynski":0.2111111111}
{"antecedents":["P001"],"consequents":["P018"],"antecedent support":0.09,"consequent support":0.1,"support":0.02,"confidence":0.2222222222,"lift":2.2222222222,"representativity":1.0,"leverage":0.011,"conviction":1.1571428571,"zhangs_metric":0.6043956044,"jaccard":0.1176470588,"certainty":0.1358024691,"kulczynski":0.2111111111}
{"antecedents":["P002"],"consequents":["P016"],"antecedent support":0.09,"consequent support":0.12,"support":0.03,"confidence":0.3333333333,"lift":2.7777777778,"representativity":1.0,"leverage":0.0192,"conviction":1.32,"zhangs_metric":0.7032967033,"jaccard":0.1666666667,"certainty":0.2424242424,"kulczynski":0.2916666667}
{"antecedents":["P016"],"consequents":["P002"],"antecedent support":0.12,"consequent support":0.09,"support":0.03,"confidence":0.25,"lift":2.7777777778,"representativity":1.0,"leverage":0.0192,"conviction":1.2133333333,"zhangs_metric":0.7272727273,"jaccard":0.1666666667,"certainty":0.1758241758,"kulczynski":0.2916666667}
{"antecedents":["P003"],"consequents":["P004"],"antecedent support":0.11,"consequent support":0.16,"support":0.02,"confidence":0.1818181818,"lift":1.1363636364,"representativity":1.0,"leverage":0.0024,"conviction":1.0266666667,"zhangs_metric":0.1348314607,"jaccard":0.08,"certainty":0.025974026,"kulczynski":0.1534090909}
{"antecedents":["P004"],"consequents":["P003"],"antecedent support":0.16,"consequent support":0.11,"support":0.02,"confidence":0.125,"lift":1.1363636364,"representativity":1.0,"leverage":0.0024,"conviction":1.0171428571,"zhangs_metric":0.1428571429,"jaccard":0.08,"certainty":0.0168539326,"kulczynski":0.1534090909}
{"antecedents":["P003"],"consequents":["P013"],"antecedent support":0.11,"consequent support":0.16,"support":0.02,"confidence":0.1818181818,"lift":1.1363636364,"representativity":1.0,"leverage":0.0024,"conviction":1.0266666667,"zhangs_metric":0.1348314607,"jaccard":0.08,"certainty":0.025974026,"kulczynski":0.1534090909}
{"antecedents":["P013"],"consequents":["P003"],"antecedent support":0.16,"consequent support":0.11,"support":0.02,"confidence":0.125,"lift":1.1363636364,"representativity":1.0,"leverage":0.0024,"conviction":1.0171428571,"zhangs_metric":0.1428571429,"jaccard":0.08,"certainty":0.0168539326,"kulczynski":0.1534090909}
{"antecedents":["P003"],"consequents":["P016"],"antecedent support":0.11,"consequent support":0.12,"support":0.02,"confidence":0.1818181818,"lift":1.5151515152,"representativity":1.0,"leverage":0.0068,"conviction":1.0755555556,"zhangs_metric":0.3820224719,"jaccard":0.0952380952,"certainty":0.0702479339,"kulczynski":0.1742424242}
{"antecedents":["P016"],"consequents":["P003"],"antecedent support":0.12,"consequent support":0.11,"support":0.02,"confidence":0.1666666667,"lift":1.5151515152,"representativity":1.0,"leverage":0.0068,"conviction":1.068,"zhangs_metric":0.3863636364,"jaccard":0.0952380952,"certainty":0.063670412,"kulczynski":0.1742424242}
{"antecedents":["P003"],"consequents":["P019"],"antecedent support":0.11,"consequent support":0.1,"support":0.02,"confidence":0.1818181818,"lift":1.8181818182,"representativity":1.0,"leverage":0.009,"conviction":1.1,"zhangs_metric":0.5056179775,"jaccard":0.1052631579,"certainty":0.0909090909,"kulczynski":0.1909090909}
{"antecedents":["P019"],"consequents":["P003"],"antecedent support":0.1,"consequent support":0.11,"support":0.02,"confidence":0.2,"lift":1.8181818182,"representativity":1.0,"leverage":0.009,"conviction":1.1125,"zhangs_metric":0.5,"jaccard":0.1052631579,"certainty":0.1011235955,"kulczynski":0.1909090909}
{"antecedents":["P005"],"consequents":["P004"],"antecedent support":0.1,"consequent support":0.16,"support":0.02,"confidence":0.2,"lift":1.25,"representativity":1.0,"leverage":0.004,"conviction":1.05,"zhangs_metric":0.2222222222,"jaccard":0.0833333333,"certainty":0.0476190476,"kulczynski":0.1625}
{"antecedents":["P004"],"consequents":["P005"],"antecedent support":0.16,"consequent support":0.1,"support":0.02,"confidence":0.125,"lift":1.25,"representativity":1.0,"leverage":0.004,"conviction":1.0285714286,"zhangs_metric":0.2380952381,"jaccard":0.0833333333,"certainty":0.0277777778,"kulczynski":0.1625}
{"antecedents":["P007"],"consequents":["P004"],"antecedent support":0.1,"consequent support":0.16,"support":0.02,"confidence":0.2,"lift":1.25,"representativity":1.0,"leverage":0.004,"conviction":1.05,"zhangs_metric":0.2222222222,"jaccard":0.0833333333,"certainty":0.0476190476,"kulczynski":0.1625}
{"antecedents":["P004"],"consequents":["P007"],"antecedent support":0.16,"consequent support":0.1,"support":0.02,"confidence":0.125,"lift":1.25,"representativity":1.0,"leverage":0.004,"conviction":1.0285714286,"zhangs_metric":0.2380952381,"jaccard":0.0833333333,"certainty":0.0277777778,"kulczynski":0.1625}
{"antecedents":["P018"],"consequents":["P004"],"antecedent support":0.1,"consequent support":0.16,"support":0.03,"confidence":0.3,"lift":1.875,"representativity":1.0,"leverage":0.014,"conviction":1.2,"zhangs_metric":0.5185185185,"jaccard":0.1304347826,"certainty":0.1666666667,"kulczynski":0.24375}
{"antecedents":["P004"],"consequents":["P018"],"antecedent support":0.16,"consequent support":0.1,"support":0.03,"confidence":0.1875,"lift":1.875,"representativity":1.0,"leverage":0.014,"conviction":1.1076923077,"zhangs_metric":0.5555555556,"jaccard":0.1304347826,"certainty":0.0972222222,"kulczynski":0.24375}
{"antecedents":["P020"],"consequents":["P004"],"antecedent support":0.12,"consequent support":0.16,"support":0.03,"confidence":0.25,"lift":1.5625,"representativity":1.0,"leverage":0.0108,"conviction":1.12,"zhangs_metric":0.4090909091,"jaccard":0.12,"certainty":0.1071428571,"kulczynski":0.21875}
{"antecedents":["P004"],"consequents":["P020"],"antecedent support":0.16,"consequent support":0.12,"support":0.03,"confidence":0.1875,"lift":1.5625,"representativity":1.0,"leverage":0.0108,"conviction":1.0830769231,"zhangs_metric":0.4285714286,"jaccard":0.12,"certainty":0.0767045455,"kulczynski":0.21875}
{"antecedents":["P005"],"consequents":["P013"],"antecedent support":0.1,"consequent support":0.16,"support":0.02,"confidence":0.2,"lift":1.25,"representativity":1.0,"leverage":0.004,"conviction":1.05,"zhangs_metric":0.2222222222,"jaccard":0.0833333333,"certainty":0.0476190476,"kulczynski":0.1625}
{"antecedents":["P013"],"consequents":["P005"],"antecedent support":0.16,"consequent support":0.1,"support":0.02,"confidence":0.125,